{
  "method": "isotonic",
  "x": [
    0.031824,
    0.040095,
    0.041731,
    0.102725,
    0.103821,
    0.125046,
    0.125932,
    0.158989,
    0.159004,
    0.177951,
    0.178212,
    0.181833,
    0.183959,
    0.223639,
    0.223661,
    0.295261,
    0.295312,
    0.341212,
    0.341835,
    0.391244,
    0.391994,
    0.462394,
    0.463106,
    0.463313,
    0.463336,
    0.583198,
    0.583255,
    0.613314,
    0.613862,
    0.616467,
    0.616745,
    0.675128,
    0.675147,
    0.710487,
    0.710609,
    0.721704,
    0.722241,
    0.730311,
    0.730318,
    0.754179,
    0.754185,
    0.791451,
    0.791842,
    0.814417,
    0.814928,
    0.863832,
    0.863878,
    0.880489,
    0.880898,
    0.929558,
    0.929841,
    0.943427,
    0.943436,
    0.968549,
    0.971411,
    0.986231
  ],
  "y": [
    0.0,
    0.0,
    0.055556,
    0.055556,
    0.1,
    0.1,
    0.147541,
    0.147541,
    0.214286,
    0.214286,
    0.25,
    0.25,
    0.304348,
    0.304348,
    0.305732,
    0.305732,
    0.372881,
    0.372881,
    0.41129,
    0.41129,
    0.433962,
    0.433962,
    0.5,
    0.5,
    0.527316,
    0.527316,
    0.548872,
    0.548872,
    0.571429,
    0.571429,
    0.574661,
    0.574661,
    0.589928,
    0.589928,
    0.590909,
    0.590909,
    0.6,
    0.6,
    0.652632,
    0.652632,
    0.66,
    0.66,
    0.683544,
    0.683544,
    0.757396,
    0.757396,
    0.875,
    0.875,
    0.879747,
    0.879747,
    0.88,
    0.88,
    0.931818,
    0.931818,
    1.0,
    1.0
  ],
  "meta": {
    "seasons": [
      2022,
      2023,
      2024
    ],
    "burn_in_season": 2022,
    "n": 2640,
    "brier_before": 0.2177,
    "brier_after": 0.2108,
    "logloss_before": 0.6246,
    "logloss_after": 0.6065
  }
}